<?xml version="1.0" encoding="windows-1255" standalone="no"?>
<XMD-PAGE REPOSITORY_FORMAT="1.0" PRXML_VER="2.2">
	<Meta ISSUE_DATE="30/07/1863" RELEASE_NO="021-HZT-1863-07-30-001" PAGE_NO="1" NAME="" PAGE_LABEL="1" PAGE_TYPE="Single" PUBLISHER="Olive" PUBLICATION="HZT" SOURCE_TYPE="TIFF" SOURCE_RESOLUTION="72" IMAGES_RESOLUTION="122" PAGE_THUMBNAIL_RESOLUTION="50" PAGE_PREVIEW_RESOLUTION="15" DEFAULT_IMG_EXT="png" IMG_EXT="png" PREVIEW_IMG_EXT="png" XMD_VER="2.6.241.15" PROFILE_ID="W:\Batch\Profile\HZT-1863-07-30.ini" SECTION="Front page" PAGE_WIDTH="485" PAGE_HEIGHT="578" PAGES_NUMBER="4" BASE_HREF="HZT/1863/07/30" PDF_DESTINATION_MAPPED="OLV0_Page_0001" OCR_CONFIDENCE="0.977" TOTAL_CHARS_COUNT="1549" SUSPICIOUS_CHARS_COUNT="9">
		<Resolutions>
			<Resolution DEFAULT="true">50</Resolution>
			<Resolution>69</Resolution>
			<Resolution>120</Resolution>
		</Resolutions>
	</Meta>
	<Link SOURCE="021-HZT-1863-07-30-001.pdf" NEXT_SECTION="2" PREV_SECTION=""/>
	<DataFiles>
		<Files TYPE="DOC_PDF" PRESENT="1"/>
		<Files TYPE="PAGE_PDF" PRESENT="0"/>
		<Files TYPE="DOC_IMG" PRESENT="0"/>
		<Files TYPE="PAGE_IMG" PRESENT="0"/>
		<Files TYPE="PAGE_VIEW_IMG" PRESENT="1"/>
		<Files TYPE="PAGE_PREVIEW_IMG" PRESENT="1"/>
		<Files TYPE="PRIMITIVE_IMG" PRESENT="1"/>
		<Files TYPE="SNIPPET_IMG" PRESENT="1"/>
		<Files TYPE="SEGMENTATION" PRESENT="0"/>
	</DataFiles>
	<Entity ENTITY_TYPE="Article" FIRST_TOC_ENTRY_ID="4" INDEX_IN_DOC="4" DEPTH_LEVEL="1" ID="Ar00100" SIZE="Large" BOX="106 272 413 516" NEXT_SECTION="2" PREV_SECTION="" CONTINUATION_TO="Ar00200" IMAGES_RESOLUTION="122" TOTAL_CHARS_COUNT="1549" SUSPICIOUS_CHARS_COUNT="9" WORDCNT="461">
		<Name>Untitled Article</Name>
		<Primitive ID="Ar0010000" BOX="106 272 413 385" ELEMENT_TYPE="Content" SEQ_NO="0" TOC_ENTRY_ID="4" DEPTH_LEVEL="1"/>
		<Primitive ID="Ar0010001" BOX="106 385 413 516" ELEMENT_TYPE="Content" SEQ_NO="1" TOC_ENTRY_ID="4" DEPTH_LEVEL="1"/>
	</Entity>
	<Entity ENTITY_TYPE="Ad" FIRST_TOC_ENTRY_ID="2" INDEX_IN_DOC="2" DEPTH_LEVEL="1" ID="Ad00101" SIZE="Small" BOX="103 61 166 129" NEXT_SECTION="2" PREV_SECTION="" IMAGES_RESOLUTION="122" TOTAL_CHARS_COUNT="0" SUSPICIOUS_CHARS_COUNT="0" WORDCNT="65">
		<Name>Untitled Ad</Name>
		<Primitive ID="Ad0010100" BOX="103 61 166 129" ELEMENT_TYPE="Content" SEQ_NO="1" TOC_ENTRY_ID="2" DEPTH_LEVEL="1" E="N"/>
		<Primitive ID="Ad0010101" BOX="103 61 166 129" ELEMENT_TYPE="AdFrame" SEQ_NO="0" TOC_ENTRY_ID="2" DEPTH_LEVEL="1" I_RES="130"/>
	</Entity>
	<Entity ENTITY_TYPE="Ad" FIRST_TOC_ENTRY_ID="1" INDEX_IN_DOC="1" DEPTH_LEVEL="1" ID="Ad00102" SIZE="Small" BOX="352 52 409 131" NEXT_SECTION="2" PREV_SECTION="" IMAGES_RESOLUTION="122" TOTAL_CHARS_COUNT="0" SUSPICIOUS_CHARS_COUNT="0" WORDCNT="95">
		<Name>Untitled Ad</Name>
		<Primitive ID="Ad0010200" BOX="352 52 409 131" ELEMENT_TYPE="Content" SEQ_NO="1" TOC_ENTRY_ID="1" DEPTH_LEVEL="1" E="N"/>
		<Primitive ID="Ad0010201" BOX="352 52 409 131" ELEMENT_TYPE="AdFrame" SEQ_NO="0" TOC_ENTRY_ID="1" DEPTH_LEVEL="1" I_RES="130"/>
	</Entity>
	<Entity ENTITY_TYPE="Ad" FIRST_TOC_ENTRY_ID="3" INDEX_IN_DOC="3" DEPTH_LEVEL="1" ID="Ad00103" SIZE="Medium" BOX="105 134 411 265" NEXT_SECTION="2" PREV_SECTION="" IMAGES_RESOLUTION="122" TOTAL_CHARS_COUNT="0" SUSPICIOUS_CHARS_COUNT="0" WORDCNT="60">
		<Name>Untitled Ad</Name>
		<Primitive ID="Ad0010300" BOX="105 134 411 265" ELEMENT_TYPE="Content" SEQ_NO="1" TOC_ENTRY_ID="3" DEPTH_LEVEL="1" E="N"/>
		<Primitive ID="Ad0010301" BOX="105 134 411 265" ELEMENT_TYPE="AdFrame" SEQ_NO="0" TOC_ENTRY_ID="3" DEPTH_LEVEL="1" I_RES="130"/>
	</Entity>
</XMD-PAGE>